{
    "name": "ID10Geometry",
    "metadata": {
        "generator": "io_three",
        "version": 3,
        "uvs": 0,
        "vertices": 265,
        "type": "Geometry",
        "faces": 358,
        "normals": 184
    },
    "uvs": [],
    "vertices": [0.000804,1.32869,0.003,-0,1.32909,-0,-0,1.32869,0.003106,0.001553,1.32869,0.00269,-0.000804,1.32869,0.003,0.001553,1.32749,0.005795,-0,1.32749,0.006,0.002196,1.32869,0.002196,0.003,1.32749,0.005196,-0.001553,1.32869,0.00269,-0.001553,1.32749,0.005795,0.002196,1.32558,0.008196,-0,1.32558,0.008485,0.00269,1.32869,0.001553,0.004243,1.32749,0.004243,0.004243,1.32558,0.007348,-0.002196,1.32869,0.002196,-0.003,1.32749,0.005196,-0.002196,1.32558,0.008196,-0,1.32309,0.010392,0.00269,1.32309,0.010038,0.003,1.32869,0.000804,0.005196,1.32749,0.003,0.006,1.32558,0.006,0.005196,1.32309,0.009,-0.00269,1.32869,0.001553,-0.004243,1.32749,0.004243,-0.004243,1.32558,0.007348,-0.00269,1.32309,0.010038,-0,1.3202,0.011591,0.003,1.3202,0.011196,0.003106,1.32869,-0,0.005796,1.32749,0.001553,0.007348,1.32558,0.004243,0.007348,1.32309,0.007348,0.005796,1.3202,0.010038,-0.003,1.32869,0.000804,-0.005196,1.32749,0.003,-0.006,1.32558,0.006,-0.005196,1.32309,0.009,-0.003,1.3202,0.011196,0,1.31709,0.012,0.003106,1.31709,0.011591,0.003,1.32869,-0.000804,0.006,1.32749,-0,0.008196,1.32558,0.002196,0.009,1.32309,0.005196,0.008196,1.3202,0.008196,0.006,1.31709,0.010392,-0.003106,1.32869,-0,-0.005796,1.32749,0.001553,-0.007348,1.32558,0.004243,-0.007348,1.32309,0.007348,-0.005796,1.3202,0.010038,-0.003106,1.31709,0.011591,0.000785,1.31709,0.011974,0.003106,1.31709,0.011591,0,1.31709,0.012,0.001566,1.31709,0.011897,0.002341,1.31709,0.011769,0.00269,1.32869,-0.001553,0.005796,1.32749,-0.001553,0.008485,1.32558,-0,0.010038,1.32309,0.00269,0.010038,1.3202,0.005795,0.008485,1.31709,0.008485,0.003857,1.31709,0.011363,0.006,1.31709,0.010392,0.004592,1.31709,0.011086,0.005307,1.31709,0.010762,-0.003,1.32869,-0.000804,-0.006,1.32749,-0,-0.008196,1.32558,0.002196,-0.009,1.32309,0.005196,-0.008196,1.3202,0.008196,-0.006,1.31709,0.010392,-0.002341,1.31709,0.011769,-0.003106,1.31709,0.011591,-0.001566,1.31709,0.011897,-0.000785,1.31709,0.011974,-0.011591,1.31709,0.003106,-0.011591,1.31709,-0.003106,-0.012,1.31709,-0,-0.010392,1.31709,-0.006,-0.010392,1.31709,0.006,-0.008485,1.31709,-0.008485,-0.008485,1.31709,0.008485,-0.006,1.31709,-0.010392,-0.006,1.31709,0.010392,-0.003106,1.31709,-0.011591,-0.003106,1.31709,0.011591,0,1.31709,-0.012,0,1.31709,0.012,0.003106,1.31709,0.011591,0.003106,1.31709,-0.011591,0.006,1.31709,0.010392,0.006,1.31709,-0.010392,0.008485,1.31709,0.008485,0.008485,1.31709,-0.008485,0.010392,1.31709,0.006,0.010392,1.31709,-0.006,0.011591,1.31709,0.003106,0.011591,1.31709,-0.003106,0.012,1.31709,-0,0.002196,1.32869,-0.002196,0.005196,1.32749,-0.003,0.008196,1.32558,-0.002196,0.010392,1.32309,-0,0.011196,1.3202,0.003,0.010392,1.31709,0.006,0.006667,1.31709,0.009978,0.008485,1.31709,0.008485,0.007305,1.31709,0.00952,0.007912,1.31709,0.009022,-0.00269,1.32869,-0.001553,-0.005796,1.32749,-0.001553,-0.008485,1.32558,-0,-0.010038,1.32309,0.00269,-0.010038,1.3202,0.005795,-0.008485,1.31709,0.008485,-0.005307,1.31709,0.010762,-0.006,1.31709,0.010392,-0.004592,1.31709,0.011086,-0.003857,1.31709,0.011363,0.009022,1.31709,0.007912,0.010392,1.31709,0.006,0.00952,1.31709,0.007305,0.009978,1.31709,0.006667,0.010762,1.31709,0.005307,0.011591,1.31709,0.003106,0.011087,1.31709,0.004592,0.011363,1.31709,0.003857,0.011769,1.31709,0.002341,0.012,1.31709,-0,0.011897,1.31709,0.001566,0.011974,1.31709,0.000785,0.011769,1.31709,-0.002341,0.011591,1.31709,-0.003106,0.011897,1.31709,-0.001566,0.011974,1.31709,-0.000785,0.010762,1.31709,-0.005308,0.010392,1.31709,-0.006,0.011087,1.31709,-0.004592,0.011363,1.31709,-0.003857,0.009022,1.31709,-0.007912,0.008485,1.31709,-0.008485,0.00952,1.31709,-0.007305,0.009978,1.31709,-0.006667,0.006667,1.31709,-0.009978,0.006,1.31709,-0.010392,0.007305,1.31709,-0.00952,0.007912,1.31709,-0.009022,0.003857,1.31709,-0.011363,0.003106,1.31709,-0.011591,0.004592,1.31709,-0.011087,0.005307,1.31709,-0.010763,0.000785,1.31709,-0.011974,0,1.31709,-0.012,0.001566,1.31709,-0.011897,0.002341,1.31709,-0.011769,-0.002341,1.31709,-0.011769,-0.003106,1.31709,-0.011591,-0.001566,1.31709,-0.011897,-0.000785,1.31709,-0.011974,-0.005307,1.31709,-0.010763,-0.006,1.31709,-0.010392,-0.004592,1.31709,-0.011087,-0.003857,1.31709,-0.011363,-0.007912,1.31709,-0.009022,-0.008485,1.31709,-0.008485,-0.007305,1.31709,-0.00952,-0.006667,1.31709,-0.009978,-0.009978,1.31709,-0.006667,-0.010392,1.31709,-0.006,-0.00952,1.31709,-0.007305,-0.009022,1.31709,-0.007912,-0.011363,1.31709,-0.003857,-0.011591,1.31709,-0.003106,-0.011087,1.31709,-0.004592,-0.010762,1.31709,-0.005308,-0.011974,1.31709,-0.000785,-0.012,1.31709,-0,-0.011897,1.31709,-0.001566,-0.011769,1.31709,-0.002341,-0.011974,1.31709,0.000785,-0.011591,1.31709,0.003106,-0.011897,1.31709,0.001566,-0.011769,1.31709,0.002341,-0.011363,1.31709,0.003857,-0.010392,1.31709,0.006,-0.011087,1.31709,0.004592,-0.010762,1.31709,0.005307,-0.009978,1.31709,0.006667,-0.008485,1.31709,0.008485,-0.00952,1.31709,0.007305,-0.009022,1.31709,0.007912,-0.007912,1.31709,0.009022,-0.007305,1.31709,0.00952,-0.006667,1.31709,0.009978,0.001553,1.32869,-0.00269,0.004243,1.32749,-0.004243,0.007348,1.32558,-0.004243,0.010038,1.32309,-0.00269,0.011591,1.3202,-0,0.011591,1.31709,0.003106,-0.002196,1.32869,-0.002196,-0.005196,1.32749,-0.003,-0.008196,1.32558,-0.002196,-0.010392,1.32309,-0,-0.011196,1.3202,0.003,-0.010392,1.31709,0.006,0.012,1.31709,-0,0.011591,1.31709,-0.003106,0.011196,1.3202,-0.003,0.010038,1.3202,-0.005796,0.010392,1.31709,-0.006,0.008196,1.3202,-0.008196,0.008485,1.31709,-0.008485,0.005796,1.3202,-0.010038,0.006,1.31709,-0.010392,0.003,1.3202,-0.011196,0.003106,1.31709,-0.011591,-0,1.3202,-0.011591,0,1.31709,-0.012,-0.003,1.3202,-0.011196,-0.003106,1.31709,-0.011591,-0.005796,1.3202,-0.010038,-0.006,1.31709,-0.010392,-0.008196,1.3202,-0.008196,-0.008485,1.31709,-0.008485,-0.010392,1.31709,-0.006,-0.010038,1.3202,-0.005796,-0.011591,1.31709,-0.003106,-0.011196,1.3202,-0.003,-0.011591,1.3202,-0,-0.012,1.31709,-0,-0.011591,1.31709,0.003106,0.000804,1.32869,-0.003,0.003,1.32749,-0.005196,0.006,1.32558,-0.006,0.009,1.32309,-0.005196,-0.001553,1.32869,-0.00269,-0.004243,1.32749,-0.004243,-0.007348,1.32558,-0.004243,-0.010038,1.32309,-0.00269,0.007348,1.32309,-0.007349,0.005196,1.32309,-0.009,0.00269,1.32309,-0.010038,-0,1.32309,-0.010392,-0.00269,1.32309,-0.010038,-0.005196,1.32309,-0.009,-0.007348,1.32309,-0.007349,-0.009,1.32309,-0.005196,-0,1.32869,-0.003106,0.001553,1.32749,-0.005796,0.004243,1.32558,-0.007349,-0.000804,1.32869,-0.003,-0.003,1.32749,-0.005196,-0.006,1.32558,-0.006,0.002196,1.32558,-0.008196,-0,1.32558,-0.008485,-0.002196,1.32558,-0.008196,-0.004243,1.32558,-0.007349,-0,1.32749,-0.006,-0.001553,1.32749,-0.005796],